id,link
1,https://thumbs.dreamstime.com/b/head-square-avatar-cute-character-vector-illustration-facial-expression-spirit-301454594.jpg
2,https://thumbs.dreamstime.com/b/head-square-avatar-cute-character-vector-illustration-facial-expression-smile-301454580.jpg
3,https://thumbs.dreamstime.com/b/head-square-avatar-cute-character-vector-illustration-facial-expression-smart-301454571.jpg
4,https://thumbs.dreamstime.com/b/head-square-avatar-cute-character-vector-illustration-facial-expression-cool-301454618.jpg
5,https://thumbs.dreamstime.com/b/head-square-avatar-cute-character-vector-illustration-facial-expression-shocked-301454661.jpg
6,https://thumbs.dreamstime.com/b/head-square-avatar-cute-character-vector-illustration-facial-expression-spirit-301454594.jpg
7,https://encrypted-tbn0.gstatic.com/images?q=tbn:ANd9GcR--I2-eoWbmtww6jFv_xbUq-Dx0V_ThhGg2TR3o2ed31osFAAx69M0M46ez9eeb0VQQRU&usqp=CAU
8,https://encrypted-tbn0.gstatic.com/images?q=tbn:ANd9GcSrOQCvZGLjpi2vUx7ozpF-vUx_R0UJHzchck4gFD1iCSZi7YYW7aYmmbIj6MzlpbzWSzg&usqp=CAU
9,https://thumbs.dreamstime.com/b/head-square-avatar-cute-character-vector-illustration-facial-expression-smart-301454571.jpg
10,https://thumbs.dreamstime.com/b/cartoon-monster-face-vector-halloween-blue-monster-avatar-77122640.jpg?w=768
